{"properties":{"connectionReferences":{"shared_office365":{"runtimeSource":"embedded","connection":{},"api":{"name":"shared_office365"}},"shared_commondataservice":{"runtimeSource":"embedded","connection":{},"api":{"name":"shared_commondataservice"}}},"definition":{"$schema":"https://schema.management.azure.com/providers/Microsoft.Logic/schemas/2016-06-01/workflowdefinition.json#","contentVersion":"1.0.0.0","parameters":{"$connections":{"defaultValue":{},"type":"Object"},"$authentication":{"defaultValue":{},"type":"SecureObject"}},"triggers":{"When_a_record_is_submitted_":{"type":"OpenApiConnectionWebhook","inputs":{"host":{"connectionName":"shared_commondataservice","operationId":"SubscribeOnUpdatedItems","apiId":"/providers/Microsoft.PowerApps/apis/shared_commondataservice"},"parameters":{"dataset":"default.cds","table":"arb_workercheckinsubmissions","scope":"Organization","subscriptionRequest/AttributeFilters":["arb_evaluationneeded","arb_endtime"]},"authentication":"@parameters('$authentication')"}}},"actions":{"Check_if_need_to_send_alert":{"actions":{"Send_email_alert_":{"runAfter":{"Compose":["Succeeded"]},"type":"OpenApiConnection","inputs":{"host":{"connectionName":"shared_office365","operationId":"SendEmailV2","apiId":"/providers/Microsoft.PowerApps/apis/shared_office365"},"parameters":{"emailMessage/To":"cole.skene@arbelatech.com","emailMessage/Subject":"Email Alert Employee Id:@{triggerOutputs()?['body/arb_employeeidnumber']}","emailMessage/Body":"<p>The following employee did not pass the questionnaire. Please review the questions and responses below and determine any additional steps that need to be taken before the employee can begin work.<br>\n<br>\nEmployee Id : @{triggerOutputs()?['body/arb_employeeidnumber']}<br>\n<br>\n@{outputs('Compose')}</p>","emailMessage/Importance":"Normal"},"authentication":"@parameters('$authentication')"}},"Compose":{"runAfter":{"Aggregate_responses_":["Succeeded"]},"type":"Compose","inputs":"@variables('EmailBody')"},"Aggregate_responses_":{"foreach":"@outputs('Get_Responses_')?['body/value']","actions":{"Append_Question":{"runAfter":{"Line_break_0":["Succeeded"]},"type":"AppendToStringVariable","inputs":{"name":"EmailBody","value":"@replace(items('Aggregate_responses_')?['arb_questionenglish'],outputs('Compose:_New_Line'),'<br>')"}},"Append_answer":{"runAfter":{"Line_break_1":["Succeeded"]},"type":"AppendToStringVariable","inputs":{"name":"EmailBody","value":"Answer: @{if(equals(items('Aggregate_responses_')?['arb_questionresponse'], 1), 'Yes', 'No')}"}},"Line_break_1":{"runAfter":{"Append_Question":["Succeeded"]},"type":"AppendToStringVariable","inputs":{"name":"EmailBody","value":"<br/>"}},"Line_break_2":{"runAfter":{"Append_answer":["Succeeded"]},"type":"AppendToStringVariable","inputs":{"name":"EmailBody","value":"<br/>"}},"Line_break_0":{"runAfter":{},"type":"AppendToStringVariable","inputs":{"name":"EmailBody","value":"<br/>"}}},"runAfter":{"Get_Responses_":["Succeeded"]},"type":"Foreach"},"Compose:_New_Line":{"runAfter":{},"type":"Compose","inputs":"\n"},"Get_Responses_":{"runAfter":{"Compose:_New_Line":["Succeeded"]},"type":"OpenApiConnection","inputs":{"host":{"connectionName":"shared_commondataservice","operationId":"GetItems_V2","apiId":"/providers/Microsoft.PowerApps/apis/shared_commondataservice"},"parameters":{"dataset":"default.cds","table":"arb_workercheckinresponses","$filter":"_arb_workercheckinsubmissionid_value eq @{triggerOutputs()?['body/arb_workercheckinsubmissionid']} and arb_questionresponseaccurateness eq 0"},"authentication":"@parameters('$authentication')"}}},"runAfter":{"Initialize_email_body":["Succeeded"]},"else":{"actions":{"Terminate_-_Pass":{"runAfter":{},"type":"Terminate","inputs":{"runStatus":"Succeeded"}}}},"expression":{"equals":["@triggerOutputs()?['body/arb_evaluationneeded']",1]},"type":"If"},"Initialize_email_body":{"runAfter":{},"type":"InitializeVariable","inputs":{"variables":[{"name":"EmailBody","type":"string"}]}}},"outputs":{}}},"schemaVersion":"1.0.0.0"}