<ImportExportXml version="9.1.0.18353" SolutionPackageVersion="9.1" languagecode="1033" generatedBy="CrmLive" xmlns:xsi="http://www.w3.org/2001/XMLSchema-instance">
  <SolutionManifest>
    <UniqueName>WorkerCheckinTools</UniqueName>
    <LocalizedNames>
      <LocalizedName description="Worker Check-In Tools" languagecode="1033" />
    </LocalizedNames>
    <Descriptions />
    <Version>1.0.0.3</Version>
    <Managed>1</Managed>
    <Publisher>
      <UniqueName>arbelatechnologies</UniqueName>
      <LocalizedNames>
        <LocalizedName description="Arbela Technologies" languagecode="1033" />
      </LocalizedNames>
      <Descriptions />
      <EMailAddress xsi:nil="true"></EMailAddress>
      <SupportingWebsiteUrl xsi:nil="true"></SupportingWebsiteUrl>
      <CustomizationPrefix>arb</CustomizationPrefix>
      <CustomizationOptionValuePrefix>43113</CustomizationOptionValuePrefix>
      <Addresses>
        <Address>
          <AddressNumber>1</AddressNumber>
          <AddressTypeCode>1</AddressTypeCode>
          <City xsi:nil="true"></City>
          <County xsi:nil="true"></County>
          <Country xsi:nil="true"></Country>
          <Fax xsi:nil="true"></Fax>
          <FreightTermsCode xsi:nil="true"></FreightTermsCode>
          <ImportSequenceNumber xsi:nil="true"></ImportSequenceNumber>
          <Latitude xsi:nil="true"></Latitude>
          <Line1 xsi:nil="true"></Line1>
          <Line2 xsi:nil="true"></Line2>
          <Line3 xsi:nil="true"></Line3>
          <Longitude xsi:nil="true"></Longitude>
          <Name xsi:nil="true"></Name>
          <PostalCode xsi:nil="true"></PostalCode>
          <PostOfficeBox xsi:nil="true"></PostOfficeBox>
          <PrimaryContactName xsi:nil="true"></PrimaryContactName>
          <ShippingMethodCode>1</ShippingMethodCode>
          <StateOrProvince xsi:nil="true"></StateOrProvince>
          <Telephone1 xsi:nil="true"></Telephone1>
          <Telephone2 xsi:nil="true"></Telephone2>
          <Telephone3 xsi:nil="true"></Telephone3>
          <TimeZoneRuleVersionNumber xsi:nil="true"></TimeZoneRuleVersionNumber>
          <UPSZone xsi:nil="true"></UPSZone>
          <UTCOffset xsi:nil="true"></UTCOffset>
          <UTCConversionTimeZoneCode xsi:nil="true"></UTCConversionTimeZoneCode>
        </Address>
        <Address>
          <AddressNumber>2</AddressNumber>
          <AddressTypeCode>1</AddressTypeCode>
          <City xsi:nil="true"></City>
          <County xsi:nil="true"></County>
          <Country xsi:nil="true"></Country>
          <Fax xsi:nil="true"></Fax>
          <FreightTermsCode xsi:nil="true"></FreightTermsCode>
          <ImportSequenceNumber xsi:nil="true"></ImportSequenceNumber>
          <Latitude xsi:nil="true"></Latitude>
          <Line1 xsi:nil="true"></Line1>
          <Line2 xsi:nil="true"></Line2>
          <Line3 xsi:nil="true"></Line3>
          <Longitude xsi:nil="true"></Longitude>
          <Name xsi:nil="true"></Name>
          <PostalCode xsi:nil="true"></PostalCode>
          <PostOfficeBox xsi:nil="true"></PostOfficeBox>
          <PrimaryContactName xsi:nil="true"></PrimaryContactName>
          <ShippingMethodCode>1</ShippingMethodCode>
          <StateOrProvince xsi:nil="true"></StateOrProvince>
          <Telephone1 xsi:nil="true"></Telephone1>
          <Telephone2 xsi:nil="true"></Telephone2>
          <Telephone3 xsi:nil="true"></Telephone3>
          <TimeZoneRuleVersionNumber xsi:nil="true"></TimeZoneRuleVersionNumber>
          <UPSZone xsi:nil="true"></UPSZone>
          <UTCOffset xsi:nil="true"></UTCOffset>
          <UTCConversionTimeZoneCode xsi:nil="true"></UTCConversionTimeZoneCode>
        </Address>
      </Addresses>
    </Publisher>
    <RootComponents>
      <RootComponent type="1" schemaName="arb_workercheckinlanguageprofile" behavior="0" />
      <RootComponent type="1" schemaName="arb_workercheckinlocation" behavior="0" />
      <RootComponent type="1" schemaName="arb_workercheckinloginhistory" behavior="0" />
      <RootComponent type="1" schemaName="arb_workercheckinquestion" behavior="0" />
      <RootComponent type="1" schemaName="arb_workercheckinquestionlocalizedlabel" behavior="0" />
      <RootComponent type="1" schemaName="arb_workercheckinresponse" behavior="0" />
      <RootComponent type="1" schemaName="arb_workercheckinsettingsprofile" behavior="0" />
      <RootComponent type="1" schemaName="arb_workercheckinsubmission" behavior="0" />
      <RootComponent type="9" schemaName="arb_booleanoptionsetcode" behavior="0" />
      <RootComponent type="9" schemaName="arb_workercheckinlanguagecode" behavior="0" />
      <RootComponent type="29" id="{04a2c563-f3a3-44e3-98f2-8ad1b9704b7d}" behavior="0" />
      <RootComponent type="29" id="{9e7162dc-2ca6-ea11-a812-000d3a148aec}" behavior="0" />
      <RootComponent type="29" id="{e4a9f46d-58a6-ea11-a812-000d3a148aec}" behavior="0" />
      <RootComponent type="60" id="{2b1dd909-b4a9-ea11-a812-000d3a148aec}" behavior="0" />
      <RootComponent type="60" id="{47600452-3a0e-49a8-ab1b-20791b795f07}" behavior="0" />
      <RootComponent type="60" id="{6b80aa58-fd6e-4a4d-8bea-0063b3098050}" behavior="0" />
      <RootComponent type="60" id="{884a9ce2-4ea7-ea11-a812-000d3a148aec}" behavior="0" />
      <RootComponent type="60" id="{8e877661-53fa-47e0-8c26-a5e89f74a87e}" behavior="0" />
      <RootComponent type="60" id="{a9cce88d-b376-435e-8939-a752dc8dae54}" behavior="0" />
      <RootComponent type="60" id="{afde46a8-b24e-4bfd-9445-4e71355e84ba}" behavior="0" />
      <RootComponent type="60" id="{b6879a3d-49d3-47b5-afc8-cb77c73aada7}" behavior="0" />
      <RootComponent type="60" id="{d0c983ad-8004-404e-9780-601ae31d3605}" behavior="0" />
      <RootComponent type="60" id="{ea849d03-b1a9-ea11-a812-000d3a148aec}" behavior="0" />
      <RootComponent type="60" id="{fdf77bb6-4fa7-ea11-a812-000d3a148aec}" behavior="0" />
      <RootComponent type="62" schemaName="arb_WorkerCheckInManagementApp" behavior="0" />
      <RootComponent type="80" schemaName="arb_WorkerCheckInManagementApp" behavior="0" />
      <RootComponent type="300" schemaName="arb_workercheckinapp_5547a" behavior="0" />
      <RootComponent type="431" schemaName="arb_workercheckinsubmission arb_employeeimage" behavior="0" />
      <RootComponent type="432" schemaName="arb_workercheckinsubmission" behavior="0" />
    </RootComponents>
    <MissingDependencies>
      <MissingDependency>
        <Required key="0" type="61" schemaName="msdyn_/Images/AppModule_Default_Icon.png" displayName="msdyn_/Images/AppModule_Default_Icon.png" solution="AppModuleWebResources (2.5)" />
        <Dependent key="1" type="80" schemaName="arb_WorkerCheckInManagementApp" displayName="Worker Check-In Management App" />
      </MissingDependency>
    </MissingDependencies>
  </SolutionManifest>
</ImportExportXml>